{"cameraMode":{"drawMode":0,"name":"Shaded","section":"Shading Mode"},"sceneLighting":false,"audioPlay":false,"sceneViewState":{"m_AlwaysRefresh":false,"showFog":true,"showSkybox":false,"showFlares":true,"showImageEffects":true,"showParticleSystems":true,"showVisualEffectGraphs":true,"m_FxEnabled":true},"in2DMode":false,"pivot":{"x":-0.026188448071479799,"y":0.6117871403694153,"z":-0.005671501159667969},"rotation":{"x":0.2270175665616989,"y":0.08023625612258911,"z":-0.01877039112150669,"w":0.9703994393348694},"size":0.9406165480613709,"orthographic":false}