{"cameraMode":{"drawMode":0,"name":"Shaded","section":"Shading Mode"},"sceneLighting":false,"audioPlay":false,"sceneViewState":{"m_AlwaysRefresh":false,"showFog":true,"showSkybox":false,"showFlares":true,"showImageEffects":true,"showParticleSystems":true,"showVisualEffectGraphs":true,"m_FxEnabled":true},"in2DMode":false,"pivot":{"x":0.25246718525886538,"y":0.12842369079589845,"z":-0.04227334260940552},"rotation":{"x":0.43555545806884768,"y":0.11689700931310654,"z":-0.05716269463300705,"w":0.8907045722007752},"size":0.6733498573303223,"orthographic":false}