{"cameraMode":{"drawMode":0,"name":"Shaded","section":"Shading Mode"},"sceneLighting":false,"audioPlay":false,"sceneViewState":{"m_AlwaysRefresh":false,"showFog":true,"showSkybox":false,"showFlares":true,"showImageEffects":true,"showParticleSystems":true,"showVisualEffectGraphs":true,"m_FxEnabled":true},"in2DMode":false,"pivot":{"x":-0.8416576385498047,"y":2.0143651962280275,"z":0.033274952322244647},"rotation":{"x":0.13917888700962068,"y":0.6046669483184815,"z":-0.10835202783346176,"w":0.7767031192779541},"size":1.1407545804977418,"orthographic":false}