{"cameraMode":{"drawMode":0,"name":"Shaded","section":"Shading Mode"},"sceneLighting":false,"audioPlay":false,"sceneViewState":{"m_AlwaysRefresh":false,"showFog":true,"showSkybox":false,"showFlares":true,"showImageEffects":true,"showParticleSystems":true,"showVisualEffectGraphs":true,"m_FxEnabled":true},"in2DMode":false,"pivot":{"x":11.792550086975098,"y":-7.689060688018799,"z":8.343364715576172},"rotation":{"x":0.28167518973350527,"y":0.16165094077587129,"z":-0.04820508882403374,"w":0.9445676207542419},"size":0.5961118340492249,"orthographic":false}