{"cameraMode":{"drawMode":0,"name":"Shaded","section":"Shading Mode"},"sceneLighting":false,"audioPlay":false,"sceneViewState":{"m_AlwaysRefresh":false,"showFog":true,"showSkybox":false,"showFlares":true,"showImageEffects":true,"showParticleSystems":true,"showVisualEffectGraphs":true,"m_FxEnabled":true},"in2DMode":false,"pivot":{"x":0.01159253716468811,"y":0.6142683625221252,"z":-0.0019456446170806885},"rotation":{"x":0.2064661979675293,"y":0.34223228693008425,"z":-0.07735986262559891,"w":0.9133827090263367},"size":0.7164614796638489,"orthographic":false}